Date,District Council,Number of Non-Domestic Properties,Number of Vacant Non-Domestic Properties,Non-Domestic Vacancy Rate %
31st March 2021,Antrim and Newtownabbey,4527,749,16.5
31st March 2021,Ards and North Down,5053,728,14.4
31st March 2021,"Armagh City, Banbridge and Craigavon",7796,1200,15.4
31st March 2021,Belfast,17226,3882,22.5
31st March 2021,Causeway Coast and Glens,6021,933,15.5
31st March 2021,Derry City and Strabane,5621,948,16.9
31st March 2021,Fermanagh and Omagh,5922,1061,17.9
31st March 2021,Lisburn and Castlereagh,4424,615,13.9
31st March 2021,Mid and East Antrim,4960,836,16.9
31st March 2021,Mid Ulster,6456,1017,15.8
31st March 2021,"Newry, Mourne and Down",6846,1155,16.9
31st March 2021,Northern Ireland,74852,13124,17.5
30th June 2021,Antrim and Newtownabbey,4509,706,15.7
30th June 2021,Ards and North Down,5050,718,14.2
30th June 2021,"Armagh City, Banbridge and Craigavon",7805,1186,15.2
30th June 2021,Belfast,17250,3880,22.5
30th June 2021,Causeway Coast and Glens,6047,899,14.9
30th June 2021,Derry City and Strabane,5627,937,16.7
30th June 2021,Fermanagh and Omagh,5901,1045,17.7
30th June 2021,Lisburn and Castlereagh,4436,600,13.5
30th June 2021,Mid and East Antrim,4965,835,16.8
30th June 2021,Mid Ulster,6477,1030,15.9
30th June 2021,"Newry, Mourne and Down",6855,1142,16.7
30th June 2021,Northern Ireland,74922,12978,17.3
30th September 2021,Antrim and Newtownabbey,4519,711,15.7
30th September 2021,Ards and North Down,5052,716,14.2
30th September 2021,"Armagh City, Banbridge and Craigavon",7808,1188,15.2
30th September 2021,Belfast,17258,3885,22.5
30th September 2021,Causeway Coast and Glens,6054,896,14.8
30th September 2021,Derry City and Strabane,5627,919,16.3
30th September 2021,Fermanagh and Omagh,5916,1052,17.8
30th September 2021,Lisburn and Castlereagh,4436,567,12.8
30th September 2021,Mid and East Antrim,4974,816,16.4
30th September 2021,Mid Ulster,6495,1028,15.8
30th September 2021,"Newry, Mourne and Down",6861,1134,16.5
30th September 2021,Northern Ireland,75000,12912,17.2
31st December 2021,Antrim and Newtownabbey,4524,723,16
31st December 2021,Ards and North Down,5051,710,14.1
31st December 2021,"Armagh City, Banbridge and Craigavon",7808,1192,15.3
31st December 2021,Belfast,17230,3824,22.2
31st December 2021,Causeway Coast and Glens,6076,911,15
31st December 2021,Derry City and Strabane,5643,932,16.5
31st December 2021,Fermanagh and Omagh,5913,1032,17.5
31st December 2021,Lisburn and Castlereagh,4446,567,12.8
31st December 2021,Mid and East Antrim,4984,808,16.2
31st December 2021,Mid Ulster,6505,1010,15.5
31st December 2021,"Newry, Mourne and Down",6863,1116,16.3
31st December 2021,Northern Ireland,75043,12825,17.1
31st March 2022,Antrim and Newtownabbey,4533,713,15.7
31st March 2022,Ards and North Down,5054,704,13.9
31st March 2022,"Armagh City, Banbridge and Craigavon",7809,1204,15.4
31st March 2022,Belfast,17170,3752,21.9
31st March 2022,Causeway Coast and Glens,6089,905,14.9
31st March 2022,Derry City and Strabane,5644,935,16.6
31st March 2022,Fermanagh and Omagh,5914,1035,17.5
31st March 2022,Lisburn and Castlereagh,4453,544,12.2
31st March 2022,Mid and East Antrim,4972,816,16.4
31st March 2022,Mid Ulster,6504,1038,16
31st March 2022,"Newry, Mourne and Down",6882,1120,16.3
31st March 2022,Northern Ireland,75024,12766,17
30th June 2022,Antrim and Newtownabbey,4539,698,15.4
30th June 2022,Ards and North Down,5045,697,13.8
30th June 2022,"Armagh City, Banbridge and Craigavon",7785,1194,15.3
30th June 2022,Belfast,17156,3687,21.5
30th June 2022,Causeway Coast and Glens,6098,897,14.7
30th June 2022,Derry City and Strabane,5659,933,16.5
30th June 2022,Fermanagh and Omagh,5912,1037,17.5
30th June 2022,Lisburn and Castlereagh,4457,526,11.8
30th June 2022,Mid and East Antrim,4963,808,16.3
30th June 2022,Mid Ulster,6511,1038,15.9
30th June 2022,"Newry, Mourne and Down",6900,1111,16.1
30th June 2022,Northern Ireland,75025,12626,16.8
30th September 2022,Antrim and Newtownabbey,4503,638,14.2
30th September 2022,Ards and North Down,5050,677,13.4
30th September 2022,"Armagh City, Banbridge and Craigavon",7773,1164,15
30th September 2022,Belfast,17119,3556,20.8
30th September 2022,Causeway Coast and Glens,6099,866,14.2
30th September 2022,Derry City and Strabane,5658,865,15.3
30th September 2022,Fermanagh and Omagh,5938,1030,17.3
30th September 2022,Lisburn and Castlereagh,4449,486,10.9
30th September 2022,Mid and East Antrim,4953,782,15.8
30th September 2022,Mid Ulster,6537,1028,15.7
30th September 2022,"Newry, Mourne and Down",6887,1074,15.6
30th September 2022,Northern Ireland,74966,12166,16.2
31st December 2022,Antrim and Newtownabbey,4494,609,13.6
31st December 2022,Ards and North Down,5044,660,13.1
31st December 2022,"Armagh City, Banbridge and Craigavon",7801,1151,14.8
31st December 2022,Belfast,17038,3509,20.6
31st December 2022,Causeway Coast and Glens,6097,859,14.1
31st December 2022,Derry City and Strabane,5649,839,14.9
31st December 2022,Fermanagh and Omagh,5937,1020,17.2
31st December 2022,Lisburn and Castlereagh,4449,498,11.2
31st December 2022,Mid and East Antrim,4943,753,15.2
31st December 2022,Mid Ulster,6549,1036,15.8
31st December 2022,"Newry, Mourne and Down",6890,1053,15.3
31st December 2022,Northern Ireland,74891,11987,16
31st March 2023,Antrim and Newtownabbey,4490,593,13.2
31st March 2023,Ards and North Down,5032,646,12.8
31st March 2023,"Armagh City, Banbridge and Craigavon",7814,1113,14.2
31st March 2023,Belfast,17043,3515,20.6
31st March 2023,Causeway Coast and Glens,6094,861,14.1
31st March 2023,Derry City and Strabane,5658,857,15.1
31st March 2023,Fermanagh and Omagh,5940,1018,17.1
31st March 2023,Lisburn and Castlereagh,4448,492,11.1
31st March 2023,Mid and East Antrim,4927,747,15.2
31st March 2023,Mid Ulster,6557,1056,16.1
31st March 2023,"Newry, Mourne and Down",6893,1025,14.9
31st March 2023,Northern Ireland,74896,11923,15.9
30th June 2023,Antrim and Newtownabbey,4483,580,12.9
30th June 2023,Ards and North Down,5043,651,12.9
30th June 2023,"Armagh City, Banbridge and Craigavon",7832,1105,14.1
30th June 2023,Belfast,17049,3530,20.7
30th June 2023,Causeway Coast and Glens,6097,864,14.2
30th June 2023,Derry City and Strabane,5659,853,15.1
30th June 2023,Fermanagh and Omagh,5948,961,16.2
30th June 2023,Lisburn and Castlereagh,4447,500,11.2
30th June 2023,Mid and East Antrim,4939,755,15.3
30th June 2023,Mid Ulster,6540,1023,15.6
30th June 2023,"Newry, Mourne and Down",6902,1012,14.7
30th June 2023,Northern Ireland,74939,11834,15.8
30th September 2023,Antrim and Newtownabbey,4487,586,13.1
30th September 2023,Ards and North Down,5035,650,12.9
30th September 2023,"Armagh City, Banbridge and Craigavon",7860,1122,14.3
30th September 2023,Belfast,17061,3561,20.9
30th September 2023,Causeway Coast and Glens,6085,845,13.9
30th September 2023,Derry City and Strabane,5666,869,15.3
30th September 2023,Fermanagh and Omagh,5941,954,16.1
30th September 2023,Lisburn and Castlereagh,4454,508,11.4
30th September 2023,Mid and East Antrim,4935,743,15.1
30th September 2023,Mid Ulster,6546,965,14.7
30th September 2023,"Newry, Mourne and Down",6906,1022,14.8
30th September 2023,Northern Ireland,74976,11825,15.8
31st December 2023,Antrim and Newtownabbey,4489,577,12.9
31st December 2023,Ards and North Down,5042,663,13.1
31st December 2023,"Armagh City, Banbridge and Craigavon",7876,1120,14.2
31st December 2023,Belfast,17087,3569,20.9
31st December 2023,Causeway Coast and Glens,6090,848,13.9
31st December 2023,Derry City and Strabane,5675,873,15.4
31st December 2023,Fermanagh and Omagh,5950,957,16.1
31st December 2023,Lisburn and Castlereagh,4465,515,11.5
31st December 2023,Mid and East Antrim,4940,733,14.8
31st December 2023,Mid Ulster,6558,979,14.9
31st December 2023,"Newry, Mourne and Down",6915,1021,14.8
31st December 2023,Northern Ireland,75087,11855,15.8
31st March 2024,Antrim and Newtownabbey,4487,596,13.3
31st March 2024,Ards and North Down,5040,677,13.4
31st March 2024,"Armagh City, Banbridge and Craigavon",7879,1132,14.4
31st March 2024,Belfast,17066,3584,21
31st March 2024,Causeway Coast and Glens,6095,859,14.1
31st March 2024,Derry City and Strabane,5681,876,15.4
31st March 2024,Fermanagh and Omagh,5967,949,15.9
31st March 2024,Lisburn and Castlereagh,4469,512,11.5
31st March 2024,Mid and East Antrim,4941,753,15.2
31st March 2024,Mid Ulster,6570,955,14.5
31st March 2024,"Newry, Mourne and Down",6926,1038,15
31st March 2024,Northern Ireland,75121,11931,15.9
30th June 2024,Antrim and Newtownabbey,4492,580,12.9
30th June 2024,Ards and North Down,5030,668,13.3
30th June 2024,"Armagh City, Banbridge and Craigavon",7877,1115,14.2
30th June 2024,Belfast,17102,3581,20.9
30th June 2024,Causeway Coast and Glens,6089,848,13.9
30th June 2024,Derry City and Strabane,5693,868,15.2
30th June 2024,Fermanagh and Omagh,5996,955,15.9
30th June 2024,Lisburn and Castlereagh,4477,489,10.9
30th June 2024,Mid and East Antrim,4940,715,14.5
30th June 2024,Mid Ulster,6584,980,14.9
30th June 2024,"Newry, Mourne and Down",6953,1070,15.4
30th June 2024,Northern Ireland,75233,11869,15.8
30th September 2024,Antrim and Newtownabbey,4486,580,12.9
30th September 2024,Ards and North Down,5030,668,13.3
30th September 2024,"Armagh City, Banbridge and Craigavon",7876,1124,14.3
30th September 2024,Belfast,17126,3596,21
30th September 2024,Causeway Coast and Glens,6090,853,14
30th September 2024,Derry City and Strabane,5703,884,15.5
30th September 2024,Fermanagh and Omagh,6010,966,16.1
30th September 2024,Lisburn and Castlereagh,4470,487,10.9
30th September 2024,Mid and East Antrim,4935,733,14.9
30th September 2024,Mid Ulster,6590,955,14.5
30th September 2024,"Newry, Mourne and Down",6958,1114,16
30th September 2024,Northern Ireland,75274,11960,15.9
31st December 2024,Antrim and Newtownabbey,4484,587,13.1
31st December 2024,Ards and North Down,5029,657,13.1
31st December 2024,"Armagh City, Banbridge and Craigavon",7897,1131,14.3
31st December 2024,Belfast,17142,3612,21.1
31st December 2024,Causeway Coast and Glens,6095,858,14.1
31st December 2024,Derry City and Strabane,5706,893,15.7
31st December 2024,Fermanagh and Omagh,6016,965,16
31st December 2024,Lisburn and Castlereagh,4509,478,10.6
31st December 2024,Mid and East Antrim,4918,731,14.9
31st December 2024,Mid Ulster,6597,963,14.6
31st December 2024,"Newry, Mourne and Down",6958,1093,15.7
31st December 2024,Northern Ireland,75351,11968,15.9
31st March 2025,Antrim and Newtownabbey,4488,593,13.2
31st March 2025,Ards and North Down,5022,649,12.9
31st March 2025,"Armagh City, Banbridge and Craigavon",7912,1130,14.3
31st March 2025,Belfast,17207,3743,21.8
31st March 2025,Causeway Coast and Glens,6094,866,14.2
31st March 2025,Derry City and Strabane,5702,897,15.7
31st March 2025,Fermanagh and Omagh,6016,968,16.1
31st March 2025,Lisburn and Castlereagh,4509,470,10.4
31st March 2025,Mid and East Antrim,4919,731,14.9
31st March 2025,Mid Ulster,6596,955,14.5
31st March 2025,"Newry, Mourne and Down",6964,1102,15.8
31st March 2025,Northern Ireland,75429,12104,16
30th June 2025,Antrim and Newtownabbey,4485,594,13.2
30th June 2025,Ards and North Down,5022,634,12.6
30th June 2025,"Armagh City, Banbridge and Craigavon",7934,1145,14.4
30th June 2025,Belfast,17179,3605,21
30th June 2025,Causeway Coast and Glens,6073,836,13.8
30th June 2025,Derry City and Strabane,5691,881,15.5
30th June 2025,Fermanagh and Omagh,6010,957,15.9
30th June 2025,Lisburn and Castlereagh,4504,462,10.3
30th June 2025,Mid and East Antrim,4924,720,14.6
30th June 2025,Mid Ulster,6591,947,14.4
30th June 2025,"Newry, Mourne and Down",6989,1094,15.7
30th June 2025,Northern Ireland,75402,11875,15.7
30th September 2025,Antrim and Newtownabbey,4475,568,12.7
30th September 2025,Ards and North Down,5031,643,12.8
30th September 2025,"Armagh City, Banbridge and Craigavon",7949,1131,14.2
30th September 2025,Belfast,17174,3526,20.5
30th September 2025,Causeway Coast and Glens,6068,842,13.9
30th September 2025,Derry City and Strabane,5691,881,15.5
30th September 2025,Fermanagh and Omagh,6007,963,16
30th September 2025,Lisburn and Castlereagh,4498,472,10.5
30th September 2025,Mid and East Antrim,4919,702,14.3
30th September 2025,Mid Ulster,6596,950,14.4
30th September 2025,"Newry, Mourne and Down",6990,1102,15.8
30th September 2025,Northern Ireland,75398,11780,15.6
31st December 2025,Antrim and Newtownabbey,4476,586,13.1
31st December 2025,Ards and North Down,5035,636,12.6
31st December 2025,"Armagh City, Banbridge and Craigavon",7959,1129,14.2
31st December 2025,Belfast,17158,3502,20.4
31st December 2025,Causeway Coast and Glens,6073,841,13.8
31st December 2025,Derry City and Strabane,5692,867,15.2
31st December 2025,Fermanagh and Omagh,6010,969,16.1
31st December 2025,Lisburn and Castlereagh,4501,472,10.5
31st December 2025,Mid and East Antrim,4932,714,14.5
31st December 2025,Mid Ulster,6610,941,14.2
31st December 2025,"Newry, Mourne and Down",7011,1109,15.8
31st December 2025,Northern Ireland,75457,11766,15.6
31st March 2026,Antrim and Newtownabbey,4481,590,13.2
31st March 2026,Ards and North Down,5032,649,12.9
31st March 2026,"Armagh City, Banbridge and Craigavon",7953,1134,14.3
31st March 2026,Belfast,17181,3533,20.6
31st March 2026,Causeway Coast and Glens,6083,849,14
31st March 2026,Derry City and Strabane,5690,880,15.5
31st March 2026,Fermanagh and Omagh,6029,1001,16.6
31st March 2026,Lisburn and Castlereagh,4508,505,11.2
31st March 2026,Mid and East Antrim,4930,724,14.7
31st March 2026,Mid Ulster,6623,964,14.6
31st March 2026,"Newry, Mourne and Down",7022,1111,15.8
31st March 2026,Northern Ireland,75532,11940,15.8
30th June 2026,Antrim and Newtownabbey,4478,569,12.7
30th June 2026,Ards and North Down,5031,652,13
30th June 2026,"Armagh City, Banbridge and Craigavon",7952,1137,14.3
30th June 2026,Belfast,17108,3336,19.5
30th June 2026,Causeway Coast and Glens,6114,802,13.1
30th June 2026,Derry City and Strabane,5692,853,15
30th June 2026,Fermanagh and Omagh,6046,978,16.2
30th June 2026,Lisburn and Castlereagh,4591,531,11.6
30th June 2026,Mid and East Antrim,4915,710,14.4
30th June 2026,Mid Ulster,6634,930,14
30th June 2026,"Newry, Mourne and Down",7042,1097,15.6
30th June 2026,Northern Ireland,75603,11595,15.3
